{"afrimedqa": 0.6416929595240242, "agentdojo": 0.3611525015760215, "ai2d_test": 0.7292856809302181, "androidworld": 0.8764367816091954, "cybench": 0.26458333333333334, "hle": 0.3148661818727041, "livecodebench": 0.4839034698190059, "mathvista_mini": 0.2604220532319392, "mmbench_v11": 0.8064689903669013, "mmlupro": 0.4989535192563081, "mtbench": 0.5868285504047094, "rewardbench": 0.7150276770164288, "swebench": 0.5147014925373135, "ultrafeedback": 0.6284452279322195}