{"a": 1.1452514734459605, "b": -0.08157711249016837}